text,label,
or do that if ya want,not spam,
u coded it for a reason,not spam,
u made that too,not spam,
just IGNORE IT,not spam,
i can use it,not spam,
jeah Magic igonre the roles if u dont want em,not spam,
copies a philosophical text about childhood,not spam,
and you think it's good combining em?,not spam,
das Hund,not spam,
der Huhn,not spam,
the usage,not spam,
rawr,not spam,
dsa,spam,
sdfihshfdij,spam,
fhhighztzrtrf,spam,
hvjzutzukkzugh,spam,
dsa,spam,
gghh,spam,
thughusdg,spam,
dsfuhgghjsdf,spam,
when did we ever define the spirit of personal roles tho,not spam,
so thats the results,not spam,
"if i would count the broken rules, like magic making @crocodile without permission ",not spam,
or KitKat giving me a warning for warning Magic...,not spam,
we would have 2 more open lists,not spam,
but since i wont count it,not spam,
Hey how's it going?,not spam,
Just wanted to say thanks for the help earlier.,not spam,
Have you checked out the new update for [game/app]?,not spam,
Did you see the latest [news/article]?,not spam,
What's your favorite type of music?,not spam,
Have you played [game/activity] before?,not spam,
Any plans for the weekend?,not spam,
Just wanted to let you know that I appreciate your support.,not spam,
Do you have any recommendations for a good book/movie?,not spam,
Just wanted to drop in and say hi!,not spam,
Hey there! How's your day going so far?,not spam,
Just wanted to share this cool [article/video/resource] I found.,not spam,
What's your favorite type of food?,not spam,
Have you tried any new hobbies lately?,not spam,
Just wanted to let you know that I'm here to support you.,not spam,
Do you have any travel plans in the future?,not spam,
Just wanted to say thanks for always being a good friend.,not spam,
Any recommendations for a good workout routine?,not spam,
Just wanted to drop in and say hi! How are you doing?,not spam,
jsdhfuihsdgf,spam,
shjudgfzhiusdgfzi,spam,
hugsdugf,spam,
hfsdjhfuirzhe,spam,
sjkhdgdguasfgdz,spam,
ajhigdfzuitez8,spam,
sdjifhisdgfchu,spam,
sjidfgztweurew7t,spam,
zutrt7eresfd,spam,
opiiuhjrtfdvgbh,spam,
sdfilghjsdfiluh,spam,
sdfiulhsdfouih,spam,
ijhgsdgs,spam,
kouiou uzitt6reertdf,spam,
sghfziusdgfzusdtgf,spam,
uijszfz8wetee5wrtgugiuj,spam,
0iu89iz78rrt6rfjhijkop,spam,
usdfilguzhgisfjdhusougdf,spam,
nmgfxwer,spam,
kjlhfutggh,spam,
kj,spam,
ilhuj,spam,
iulzuzft,spam,
oiku,spam,
iuzj,spam,
izu,spam,
sdf,spam,
fd,spam,
jhg,spam,
dfs,spam,
sdf,spam,
jfg,spam,
hgj,spam,
sd,spam,
ghjk,spam,
ztij,spam,
jhgsdfhjgdfs,spam,
oooooooooooooooooo,spam,
eeeeeeeeeeeeeeeeeeeee,spam,
lolololololololo,spam,
gilhjsdfighlusdf,spam,
qwertzuiopasdfghjklyxcvbnm,spam,
ghiulsdfhugdfsghiuldsfghil,spam,
dfsckhjgbdsfihjgl,spam,
fdsuhgkvdrtfsx,spam,
lishudgf,spam,
sdfczvg,spam,
hafiuwroe gsghrtf z,spam,
ihjsglbdfhugsjdfba,spam,
sdhgfukhiasdgfzuawsedtg,spam,
jkhfghiusdgfzui,spam,
siljdhghjisdflsdfuighjlsdfguhijl,spam,
sdfghbjkldfsiujhsdfuihdsfuihdsfuohiz,spam,
dftreerwe4we5werdrtfdgfh,spam,
df,spam,
fd,spam,
dfg,spam,
fgh,spam,
ghjf,spam,
jgfh,spam,
tgfhjsdf,spam,
sdf,spam,
dsf,spam,
fdg,spam,
gfh,spam,
ghj,spam,
zjhg,spam,
wer,spam,
ewr,spam,
wer,spam,
sdf,spam,
dfg,spam,
fgh,spam,
fghj,spam,
ztghj,spam,
dsf,spam,
sdf,spam,
sdf,spam,
sdf,spam,
sdf,spam,
fghj,spam,
jhg,spam,
jtzughh,spam,
ghn,spam,
fdgx,spam,
kjz,spam,
rtz,spam,
kjz,spam,
dfg,spam,
"ik,",spam,
so,not spam,
if u text u get xp,not spam,
that has a 10 sec cooldown,not spam,
ig,not spam,
"I agree with magic. Liek I can type very fast, but my accuracy is pretty trash, it would be a logic hell to define spam or not",not spam,
it should be about the same time as ,not spam,
"If we did a round up to 500 and we wanted to have the next one be 200, how would we do that?",not spam,
So now comes 70,not spam,
But we were at 69,not spam,
Yeh,not spam,
But you had won the last round,not spam,
this will be the final Test,not spam,
we'll probably have this go when there are more people here,not spam,
"like if i write him helo so he writes helo, he sends me anime -.-",not spam,
tha fuq,not spam,
all i do is make him say hi in a chat,not spam,
oh you know exactly what i mean,not spam,
!?!?!??!? what do you even mean,not spam,
jet this is not an anime server -.-,not spam,
u be a good person,not spam,
active on this server,not spam,
doing good stuff for this server,not spam,
so...,not spam,
besides rebelling for beer u can keep ,not spam,
i am a good friend and a very understanding person...,not spam,
ofc not!,not spam,
So technically he's playing zelda,not spam,
everyone hates zelda,not spam,
Well,not spam,
Sure you don't wanna give it a try ?,not spam,
u still call it draw when u make it per software right?,not spam,
cz that looks like made with software,not spam,
XD sowwwyyy,not spam,
Wait,not spam,
They're chinese,not spam,
Is your tool racist?,not spam,
"as you can see, I said 250",not spam,
but I'll let it slide,not spam,
you won,not spam,
Yeah,not spam,
It's very hard to guess,not spam,
Thought you might also have some of them at home,not spam,
those look like some kind of worry coin,not spam,
or they are the HTL machined puzzle thingy,not spam,
It is very hard to see with that light,not spam,
Those coins keep the disk in HDDs into place,not spam,
Or what char set are you using?,not spam,
"oi, keep ya normal conversations in the other chats",not spam,
"jeah, probalby",not spam,
or you can just put it in whatever Klammern are called in English after you said a Number,not spam,
test,not spam,
help,not spam,
tarot,not spam,
ok,not spam,
hi,not spam,
yes,not spam,
bro,not spam,
yass,not spam,
lol,not spam,
perhaps it already has to be really low res?,not spam,
the only emojis I have ever uploaded are some horrendous low res ones ror testing purposes,not spam,
"It crops, but id the image before was like 100ppi, it scales it down to a smaller size, but the Image has to be low res. I have no Idea of what I am talking about, I am just speculating",not spam,
perhaps,not spam,
I have no Idea,not spam,
could be,not spam,
Mine has smth over 200 I think...,not spam,
perhaps try lowering it so the image size is lowe,not spam,
r,not spam,
Well why do they say that then,not spam,
perhaps it already has to be really low res?,not spam,
the only emojis I have ever uploaded are some horrendous low res ones ror testing purposes,not spam,
"I've tried it with my tablet, phone and laptop",not spam,
None.,not spam,
"strange, sometimes for me it works",not spam,
"yeah, sometimes it works, and sometimes not",not spam,
Yeah,not spam,
It still annoys me,not spam,
Mainly cz dc brags about cropping it down for you but doesn't,not spam,
"wow, didn't know that",not spam,
I mean a emoji doesn't have to be that high res,not spam,
what is the normal file limit for discord?,not spam,
and arent photos uploaded as links?,not spam,
It's a normal.png file,not spam,
But its too big for dc,not spam,
I still don't understand. is the Image that you cannot send a normal Image or an emoji?,not spam,
oh I thought you meant that you couldn't send a normal Image,not spam,
oh so you mean a photo as emoji?,not spam,
I have no Idea of what discord could have against it,not spam,
I mean I could also do it myself,not spam,
"Btw - do you know what in hell dc has against my pics? It keeps on screaming smth about ""file too big"" till I crop it to at least yx128 or smaller...",not spam,
Alright I'll do it next break,not spam,
"that one, just without he corners around th erunes",not spam,
"no idea, I just think that it would kinda look better",not spam,
Hm ok...,not spam,
What emoji should I use then instead of that?,not spam,
and reset that the old one was better & more personal,not spam,
lit realm plans:,not spam,
Village,not spam,
another one,not spam,
Main village,not spam,
my story village,not spam,
ur story clan,not spam,
Flying islands,not spam,
Custom Dungeons,not spam,
custom weapons,not spam,
custom dimensions,not spam,
Darkblood plans:,not spam,
Flughafen ,not spam,
Insel,not spam,
XD,not spam,
oke,not spam,
btw i said i wanna upload Darkblood after Realm...,not spam,
seems like realm will take THAT long that we could lit finish Darkblood before we start realm XD,not spam,
btw sorry to disappoint u...,not spam,
but the vid where i nuke my island and rebuild it...,not spam,
is a multi video series,not spam,
i dont blow it up first episode,not spam,
but not all :/,not spam,
btw did anyone build anything 4 realm?,not spam,
i build a house 4 enemy village and made some armorstands,not spam,
was a few days ago,not spam,
not much,not spam,
"i am ""learning ph""",not spam,
so..........,not spam,
beating up child in smash and bashing on 4mil hp zombies,not spam,
you requested it,not spam,
ur fault,not spam,
well,not spam,
what are you doin?,not spam,
hi,not spam,
Magic is playing Blender,not spam,
ah jes,not spam,
what u playing on Blender?,not spam,
why do you even say helo when you are disappearing instantly..,not spam,
what's the value of it,not spam,
have to -_-,not spam,
it is,not spam,
Nah.... I'll just crop it myself,not spam,
chad gamer move,not spam,
"My chemistry teacher would have some radioactive elements, I'll ask if I can have em for some time",not spam,
Sonst noch was?,not spam,
to do: ,not spam,
"make /nuke work, both on dc and irl",not spam,
ok,not spam,
hmmmm,not spam,
let's see,not spam,
hmmmmm,not spam,
fine u can make some self roles ig,not spam,
make the verify msg first,not spam,
i made the channels,not spam,
u make the bot stuff,not spam,
@Head-Developer,not spam,
They fun,not spam,
"""late hour"" : gibt mehr xp beim ""chatten"" ",not spam,
without upsetting anyone?,not spam,
"jeah, kinda underrated",not spam,
"you can make the roles, ill think of a way to implement it without any exploits",not spam,
alright,not spam,
thx for letting me know,not spam,
hab jtz mal diskriminierung jeglicher art unter 1.d verboten...,not spam,
yeah that's why I asked...,not spam,
To make a good impression on ppl,not spam,
or something like that,not spam,
What would you do,not spam,
nah,not spam,
we are just against beeing rude in general,not spam,
if sbdy is gay and get bullied 4 it ofc we'll help him,not spam,
its just a dc server?,not spam,
i don't think sbdy will bully sbdy cz his/her skin,not spam,
besides,not spam,
how would u even know?,not spam,
"so now we need that command, only makeable when mod or admin",not spam,
basically you count to a Number specified by an Admin (maybe Mods too),not spam,
but,not spam,
the Admins can Interrupt you,not spam,
and then you have to start over,not spam,
also,not spam,
lets see how far we can count,not spam,
or the networking behind online games,not spam,
just make it about games coding,not spam,
yeah,not spam,
We were thinking about games and stuff...,not spam,
Nah,not spam,
I don't like latin,not spam,
But I like anime - therefore I'll use either japanese or chinese ,not spam,
My humble guess is that he's ill ,not spam,
cuz he was ill yesterday,not spam,
but he did come,not spam,
"Na de is voll nett, verliert aber langsam de Hoffnung in uns...",not spam,
Z.b sie : fragt uns was.,not spam,
3min von totenststille,not spam,
bro fuckin' 100+ Nachrichten,not spam,
lol,not spam,
anyway,not spam,
Is spicy melon then a higher melon rank?,not spam,
Maybe Magic coin in general,not spam,
Melon coins for melons,not spam,
Magic coin for melon??,not spam,
Doesnt fit,not spam,
So min 5 msg for a coin,not spam,
Melon coin,not spam,
10min,not spam,
for beein active in general,not spam,
and maybe 2min for that 10min very actively texting ,not spam,
there are (according to me) at least 2 ways to define that : ,not spam,
"1) ""Kingkaktus is typing"" for 10min straight",not spam,
2) sending msgs within t time for at least 10min,not spam,
I mean 10min of active texting,not spam,
what exactly is that,not spam,
Like if us 2 talk for 10 min straight,not spam,
Person to be the most online,not spam,
I think imma also make a @24/7 for the one thats on the most,not spam,
U got the most unique of all ppl on this Server,not spam,
And ur about to get another one,not spam,
Relax,not spam,
Goal of melon day:,not spam,
"Ppl should be more online to get roles with ""melon"" in their name",not spam,
Sounds wiered,not spam,
I mean what exactly are 10min of texting,not spam,
And hell yeah you're gonna measure that,not spam,
shoots @KingKaktus so he can at least also dissapear irl,not spam,
And try to actually come up with something,not spam,
Then you can activate it again,not spam,
That's why I would remove it in general...,not spam,
#NOME?,not spam,
ye not for just chatting normally,not spam,
but for chatting on the day of the melon ,not spam,
first of all - no melon coins...,not spam,
and 2nd of all - I though you don't like the idea of rewards for chatting? ,not spam,
@KingKaktus,not spam,
-_- don't freaking dissapear without saying anything - thats very disrespecting,not spam,
I ' d change the System ot exchange,not spam,
and the time system ,not spam,
still,not spam,
melons have NONE of that,not spam,
beer bad,not spam,
melons good,not spam,
the fuq,not spam,
u complain about sugar in a melon while consuming alc in beer?!?!,not spam,
tf,not spam,
what woud u change?,not spam,
(want it to be monthly tho),not spam,
worst reason ever heard,not spam,
then add @beer aswell,not spam,
I don't like the idea of it,not spam,
concept is stupid,not spam,
it never even existed,not spam,
there will be new year presents anyways,not spam,
probably also summer ones,not spam,
and more idk jet,not spam,
make personal roles,not spam,
same thing,not spam,
its the day of the melon,not spam,
great day,not spam,
and the fact that u drink beer and drive cars doesnt change it,not spam,
you even said it urself,not spam,
so you're thirsty for melons?,not spam,
at least ask the community -_-,not spam,
@KingKaktus,not spam,
btw in 2d is not rly day of the melon...,not spam,
such days are annually,not spam,
yeah good question,not spam,
and then you reject good ideas sayin they're useless/stupid...,not spam,
got a funny idea of how to get em,not spam,
u need to write msg during the Day of the Melon to get ...,not spam,
"idk ""melon coins""",not spam,
welll,not spam,
we did,not spam,
ig its so irrelevant u forgot,not spam,
XD,not spam,
and my lightning design was kinda :/,not spam,
"but when i made em both green, it became the watermelon",not spam,
then we made fun of it,not spam,
then it became a meme,not spam,
what happened at the 21.11. on this server?,not spam,
that we both made a meme of,not spam,
for a reason,not spam,
what happened at the 21.11.?,not spam,
wrong - there's no day where nobody blows anything up ,not spam,
"je, Ich senke aber, dass sie meinen Keyboard nicht komplett kompatibel sind, und da dann einen Keycap halt nicht das richtige ist, da im set keines mit einer art Liste ist",not spam,
"aber ich könnte einfach einse der andere Keycaps die übrigbleiben dafür verwenden, und man würde es niht merken",not spam,
but it's literally worse than a normal speaker,not spam,
jeah thats gaming,not spam,
to play music but famcy,not spam,
"I mean, Its only from the 70s",not spam,
why not,not spam,
why do you need a record player,not spam,
"just some old stuff, just cod the player to work, so I haven't looked at it a whole leot. But I have a lot of classical, some italian stuff,",not spam,
and an Album from michael jackson,not spam,
noice,not spam,
but also,not spam,
why,not spam,
"yeh, so from the 70s is retro enough",not spam,
why,not spam,
Retro,not spam,
jeah but it is famcy,not spam,
ok lol,not spam,
"aber des is nur was du hast, nicht warum",not spam,
very good,not spam,
yes,not spam,
anyway,not spam,
what,not spam,
then why did you say anyway,not spam,
cuz that conversation is over lol,not spam,
k,not spam,
I am very bored,not spam,
I am very bored too,not spam,
then lets talk,not spam,
about something,not spam,
what,not spam,
how many keyboards do you have?,not spam,
not a lot,not spam,
a good one and like 3 horrible membrane ines,not spam,
oof lol,not spam,
which one do you have,not spam,
as a good one,not spam,
I know you told me but I forgot lol,not spam,
a heavily modified razer huntsman,not spam,
with clicky pruple switches,not spam,
interesting,not spam,
why that,not spam,
Hi...,not spam,
why not,not spam,
just interesting to know,not spam,
hello!,not spam,
how u doing?,not spam,
I'm doin fine,not spam,
do you have a proper mechanical Keyboard?,not spam,
very good question,not spam,
(or an optical),not spam,
"I mean, optical does in fact count as mechanical",not spam,
"yeh, but still",not spam,
do you already know what keycaps you want?,not spam,
"no, but I don't really need to know rn",not spam,
I won't get them for at least a year or so,not spam,
"why not, Its always a good thing to know",not spam,
"so if I pick some out now, they might be out of stock in a year",not spam,
or,not spam,
there could be some that I prefer by then,not spam,
just to know the aethstetics,not spam,
"oh, I have no idea",not spam,
I don't really know what would work well with black,not spam,
everything,not spam,
"I have a black frame, and I still have black keaycaps, but just about everything should look good on it",not spam,
what were you thinking of ?,not spam,
I'll see once I actually have it,not spam,
and then I can see what colours would work with that black,not spam,
it being the keyboard,not spam,
you could always repaint the chassis at some later point,not spam,
or buy a new one,not spam,
but painting is cheaper,not spam,
"but youll have to buy one some day, so It doesn't matterr a whole lot",not spam,
"now that I think of it, a mod that you could do as soon as you get the keyboard, is scrubbing off the redragon logo using an eraser",not spam,
so that it looks cleaner,not spam,
I (kinda) made Friends,not spam,
(most of it was done in 2021) ,not spam,
but like late 2021,not spam,
I made 2 Friends from Germany,not spam,
I did a lot last year,not spam,
now that I think about it,not spam,
Nice,not spam,
thank you for reminding me,not spam,
of all the wonderful things I did this year,not spam,
lebst du?,not spam,
(Spoiler alert: no),not spam,
hliuü,not spam,
zumindest nicht mehr lange,not spam,
that's why,not spam,
help,not spam,
no,not spam,
er sitzt grad neben mir,not spam,
und schreibt,not spam,
und deshalb,not spam,
muss ich ihn,not spam,
help,not spam,
still no lol,not spam,
XD,not spam,
Finish him,not spam,
How you doing?,not spam,
"oh right, I still have to crop it, will do that now",not spam,
"I haev made it smaller, I just think discord blew it up",not spam,
"I am still home, and still will be for the whole week",not spam,
with your upgraded version of my - i dunno - product,not spam,
nice,not spam,
thx again,not spam,
btw are you in school rn?,not spam,
or still ill?,not spam,
iklu,spam,
dfg,spam,
ased,spam,
hkjz,spam,
fb,spam,
jgh,spam,
sdf,spam,
fgh,spam,
tre,spam,
gzhkuj,spam,
hgfd,spam,
fsdg,spam,
awse,spam,
xdsfv,spam,
dgfs,spam,
fgjh,spam,
jzgth,spam,
tuzi,spam,
zertd,spam,
sfd,spam,
sdf,spam,
sdfg,spam,
fjgh,spam,
kiuz,spam,
oziu,spam,
zrte,spam,
twer,spam,
hfdg zrtv,spam,
tvaer,spam,
dbhrts,spam,
njtzf,spam,
bgtesr,spam,
rcEQ,spam,
Wcrwea,spam,
avtr,spam,
svtera,spam,
sbrzt,spam,
dtuzn,spam,
zutid,spam,
sdfgafsgd,spam,
srtzh,spam,
 druznt,spam,
muzdt,spam,
tarwbe ,spam,
awetbr ,spam,
dfg ,spam,
hfgds ,spam,
wer,spam,
we,spam,
rt4wt,spam,
TKMZUUU,spam,
VRTBWEE,spam,
svrte,spam,
gsdfhgasdhufgawsedfujasdhfihjasdgf,spam,
hzusdgfuzisdgfzukagfzuigasdzui,spam,
783wtr 76zwetr67wetr67wetgr,spam,
huagsdfuhkgasduhkfsduhzfgzi,spam,
sadgfzuktiuzfewasrwearfztu,spam,
o9q7w3eutr87t6oerwq,spam,
ligudfjsygouzifdhsa,spam,
fweaogit8zafsdukgh,spam,
fedwsgiuzfwdseiuaoghz45678i,spam,
237832478342zughdfhjsdf,spam,
fdgiuzsy h7832trfsgd23r 8764gufo dsaü,spam,
ugfiwe r37896o2wq,spam,
bhivdsft8z7ewrp,spam,
fsdglzuh ,spam,
fdsgiuafgduiz,spam,
asoudügfthuioh,spam,
oawuejrmsfkgdi,spam,
awetr98p7oulfdsjbhgk,spam,
gcvjhlbkiu,spam,
üiugjfdsa,spam,
fgrh,spam,
sad,spam,
dfgh,spam,
hgjk,spam,
iou,spam,
zitu,spam,
uztr,spam,
erw,spam,
sd,spam,
xcv,spam,
dfv,spam,
fgh,spam,
gjf,spam,
jzgh,spam,
ztuiz,spam,
tmju,spam,
#,spam,
nhz,spam,
bgt,spam,
bgr,spam,
vfd,spam,
cdsv,spam,
dcs,spam,
xsa,spam,
xa,spam,
AEWR,spam,
SER,spam,
DF,spam,
GV,spam,
GHJB,spam,
JLKHJOKP,spam,
gsdjhkgfjhghjlghlj,spam,
sjkldhfijhlasdghflihzuasdgflziuh,spam,
fgddrasswefa,spam,
iujzoiuu98io,spam,
njbhjbjhcv,spam,
#NOME?,spam,
tzrert5we5we45re54e,spam,
ihugiuhguzfg,spam,
7z6rt7tr65t7r,spam,
tzdrftdrtfdr,spam,
dfgsdgfyfdgh,spam,
fhkjlkzuiflziu,spam,
poooooop,spam,
tzr,spam,
fgggggggggggggggg,spam,
ssssssssssssssss,spam,
fdgggggggggggggggggg,spam,
dfgdfgdfgdgfdfgdfgdfg,spam,
jdgthjtzdhtjzd,spam,
#sdfdgfsdfgs,spam,
awerteterterterterterdxcvvxcy,spam,
rzeger,spam,
fdgsfghdshfgsgera,spam,
vdcfyvdcyxfvdsagsdf,spam,
hrtfgjzhtdgkjtzukjutz,spam,
dscvfdbfgjhzhjgm,spam,
ysexsde,spam,
cftfvgtbhg,spam,
"a<wxdftrfvghj,hjmkmjztrfhgngfdes",spam,
uyhg,spam,
yt,spam,
fg,spam,
tgf,spam,
g,spam,
vt,spam,
fg,spam,
v,spam,
t,spam,
fg,spam,
f,spam,
d,spam,
d,spam,
f,spam,
df,spam,
r,spam,
d,spam,
f,spam,
r,spam,
fe,spam,
df,spam,
hjgvghgvgtfg,spam,
f,spam,
gf,spam,
fg,spam,
fr,spam,
df,spam,
d,spam,
f,spam,
s,spam,
ds,spam,
d,spam,
sh,spam,
gf,spam,
dg,spam,
fc,spam,
f,spam,
cvc,spam,
f,spam,
dxf,spam,
c,spam,
d,spam,
c,spam,
fdx,spam,
c,spam,
d,spam,
xc,spam,
dx,spam,
fdxc,spam,
f,spam,
dxcx,spam,
oof,not spam,
sie sind fast(auüer meiner alte reli lehrering) sehr nett,not spam,
wir MüSSEN unsere irl names verwenden...,not spam,
regligionslehrer zühlen nie dazu,not spam,
(also jtz ausgenommen von servisch orthodok reli unterricht aber der lehrer ist mehr dein bro als dein actual lehrer also zühlt das ned...) ,not spam,
meint jtz eig weihnachtszeit aber auch im gesamten jahr,not spam,
dieser moment wenn de geschichte lehrerin in der 2. gsk stunde endlich als erste und einzige mit euch kahoot spielt... ,not spam,
als erste im ganzen jahr?,not spam,
... wir machn grad nen kahoot account für sie weil sie keinen hat...,not spam,
btw wird de csv datei automatisch geupdated?,not spam,
will that change anything tho?,not spam,
it now is recording any messages we say to a database,not spam,
nice,not spam,
"hello, ai training database that I can see update in real time",not spam,
how is everyone @here,not spam,
I'm fine,not spam,
nice to hear,not spam,
I'm :/,not spam,
why?,not spam,
Cz I'm sick once again,not spam,
...,not spam,
I am sick too,not spam,
what are you all doing?,not spam,
Me too(a bit...),not spam,
verkühlt?,not spam,
you could search a better hobby,not spam,
??,not spam,
How would that help,not spam,
then your hobby isn't decreasing your mental health,not spam,
Gefühlt eher Lungen krebs... Muss alle paar Minuten extremst laut keuch-husten,not spam,
is exact was ich habe,not spam,
I'm still in school buddy x_x,not spam,
then just go home,not spam,
XD,not spam,
Its big brain time,not spam,
yes,not spam,
.... If it would be that easy...,not spam,
can't you just leave?,not spam,
you will give a entschuldigung later,not spam,
Well yes... But before that my teacher would have to cut my hand off or smth...,not spam,
why that,not spam,
So that I have a real reason to ask for a leave,not spam,
lol in my school we just leave,not spam,
Ye well last week 60% of my classmates did that and they got verbally attacked next day,not spam,
"well, thats not optimal",not spam,
Yeh,not spam,
could go worse,not spam,
Well,not spam,
What are you doin,not spam,
Except dc,not spam,
you still havent anwsered the wuestion on waht keyb,not spam,
?,not spam,
oard you have made by ,not spam,
accidentally pressend enter,not spam,
looking at the .csv file getting bigger while talking to jou,not spam,
Alright...,not spam,
and? what keyboard do you have?,not spam,
Laptop keyboard,not spam,
I thought you had a mechanical onew,not spam,
It's at home,not spam,
then what keyboard do you have at hokme?,not spam,
You think I have the name usw in my head?,not spam,
atleast what swithces,not spam,
you have got to know that,not spam,
why not,not spam,
Have never opened it... I have 2 other keyboards at home & play with them,not spam,
U dont have to open it to know the switches,not spam,
u just have to know the feeeeel,not spam,
It feels like a gentle press ig,not spam,
"do you alteas know itf it is linear, clicky or tactile",not spam,
Clicky,not spam,
"if you don't, then tell me waht switches you have when you get home",not spam,
ok,not spam,
I will,not spam,
good,not spam,
"tell me the company that made them, I am really interested",not spam,
wow alright,not spam,
thanks,not spam,
and kitty still isn't online,not spam,
Never seen anyone that interested into my keyboard,not spam,
"well, I am interested in keyboards, and kitty would ask these questions too (just if he were online)",not spam,
Call him,not spam,
how,not spam,
Dc/phone?,not spam,
Idk,not spam,
(if you want to),not spam,
I do not have his number,not spam,
Sad,not spam,
ill call him on dc,not spam,
to see if he comes online,not spam,
Good,not spam,
WE NEED MORE DATA,not spam,
Hi mark,not spam,
he doesn't anwser,not spam,
we will have to write this database all on our own,not spam,
but atleast we already have 86 entries,not spam,
who is him,not spam,
Ah wait,not spam,
Nvm,not spam,
Cut,not spam,
why that,not spam,
I read he instead of we...,not spam,
oh,not spam,
are you still in school?,not spam,
please remeber not to write emojis in the chat it pumps out al lot of errors,not spam,
it doesn't crash but it spits out errors,not spam,
Why,not spam,
the code spits out errors,not spam,
Ye but why,not spam,
Doesn't the msg contain the emoji still as text?,not spam,
the characters are not compatible with the windows-1252 encoding,not spam,
Ok...,not spam,
Is there any emojis i can use?,not spam,
no,not spam,
"I mean you can use emojis, but then the message won't register",not spam,
Ok...,not spam,
What about chinese?,not spam,
try,not spam,
nope,not spam,
errors upon errors,not spam,
Sad,not spam,
but atleast it doesn't crashz,not spam,
What about french letters?,not spam,
that should work,not spam,
üjü we züpü,not spam,
work perfectly,not spam,
its just that vscode cannot disply them,not spam,
and do not spam you are making my data dirty,not spam,
I cleaned the data,not spam,
"That was no spam, was it?",not spam,
"well, by typing only one character you usually are spamming",not spam,
"not always, but usually",not spam,
What does your program say?,not spam,
on what,not spam,
Is it spam or not,not spam,
the database is still strongly unbalanced and will nearly always say taht it isn't spam,not spam,
I need more spam data,not spam,
Okk,not spam,
that is why I was going to ask you to make a spam channel accessible for everyone where you are allowed to spam,not spam,
Ah alr,not spam,
jeah without counting the data we are creating rn I have 2x so much not spam as spam,not spam,
Ok,not spam,
You'd need more spam samples,not spam,
"yes,",not spam,
The problem is you cant guarantee that #spam only contains spam...,not spam,
"I already have inputted a whole lot of keysmash, but it still isn't eniugh",not spam,
"we add to the rules, that you can only spam in #spam, and that no non-spam is allowed",not spam,
and I am pretty sure blag will spam so much that I will have data for the rest of my life,not spam,
XD,not spam,
Well yeh but who will check on that...,not spam,
I would have to manually clean the data anyways,not spam,
Rly? Why,not spam,
"the discord bot doesn't save the data in the same file as the ai uses to train, so that I have to copy it over, so that I am SURE that my data is clean",not spam,
I just want really clean data,not spam,
"I can always make the ai better, but the most time consuming part is the database, and I don't want do redo that",not spam,
Alright,not spam,
when does school end in your school,not spam,
It did,not spam,
10min ago,not spam,
"oh, are you in the bus",not spam,
No,not spam,
waiting?,not spam,
Going to hbf by foot,not spam,
"oh, thats why you are on the phone",not spam,
Ya see that?,not spam,
"It displays to me just as ""online""",not spam,
"yeah, I see a green phone on your pfp, and not a green ball",not spam,
Ah kk,not spam,
Well,not spam,
<:hacker:1045130622659727460>,not spam,
was eating with my family,not spam,
taht emoji actually works,not spam,
tf?,not spam,
"and please don't ping, as it saves my id in the database",not spam,
oh frik,not spam,
"I think it is because python reads it as a a string of charakters, not a singel charakter",not spam,
"I will shut the bot down and merge the databae, tahnks for providing me with data",not spam,
Hi,not spam,
hello,not spam,
have you seen what your swithces are,not spam,
What what are?,not spam,
Brown,not spam,
Ahhh,not spam,
keyboard,not spam,
that is very sad,not spam,
"have you ever had a problem where you had a py module installed and working, but now it is still installed and I can acces is by command line, but vscode can't find the module?",not spam,
bot is online again,not spam,
"jes, emojis bad",not spam,
they destroy everything,not spam,
we can go on talking now,not spam,
What did I do again this time?,not spam,
emoji,not spam,
I think,not spam,
Ah.,not spam,
the bot crashed and didn't record all this data,not spam,
Can't you make it restart automatically,not spam,
The error was a character it could not encode,not spam,
Or ignore the error in the first place with try/catch?,not spam,
how would I do that,not spam,
I dunno,not spam,
But that,not spam,
I could try to do that,not spam,
just add a on_error = ignore,not spam,
will try,not spam,
ok,not spam,
"Nah but if the error occurs it just prints ""error occured"" or smth",not spam,
I mean for the csv encoding,not spam,
Yeh it doesnt save the msg with the emoji then ig,not spam,
Just prints,not spam,
or you could try and make it able to save the emojis,not spam,
I would just need to change the encoding,not spam,
it literally 1 word in the code,not spam,
but I would need to find out what encoding that is,not spam,
Dc encoding,not spam,
right now it is using windows-1252,not spam,
and utf-8,not spam,
what encoding supports emjis,not spam,
Lot's of em,not spam,
But not all on dc ig,not spam,
"tell me one, ill try",not spam,
Kenn i ned auswendig x_x,not spam,
:(,not spam,
"So guys, what's your social security number",not spam,
I bet I have the highest,not spam,
I am pretty sure mine is the best,not spam,
What's yours?,not spam,
tell me yours first,not spam,
Nah I asked first,not spam,
ain't that an American thing?,not spam,
it is really good data for a public database,not spam,
idk,not spam,
Y know ecard?,not spam,
"we have it to, its just that it is pretty useless in eu",not spam,
XD yee,not spam,
ah ok lol,not spam,
yeee,not spam,
but that one's somethin' different,not spam,
"Well then, tell me",not spam,
not until you tell me yours,not spam,
ANYWAY,not spam,
?,not spam,
ANYWAY,not spam,
Alright...,not spam,
Wat you guys wanna talk about,not spam,
no idea,not spam,
What's your favorite game rn,not spam,
saturnalia or satisfactory,not spam,
Hearts of Iron 4,not spam,
I got almost 1000 hours in it,not spam,
boah du spielst nur das,not spam,
nop,not spam,
404 hobbies not found,not spam,
auch MC,not spam,
auch Portal,not spam,
auch CS:GO,not spam,
auch Fire and Manover,not spam,
ich werd Hollow Knight spielen wenn ich dann an Kontroller an man Laptop anhüngen kann (via Docking Station),not spam,
you and your emojis crashing everything,not spam,
Ich spiel auch Mini Motorways,not spam,
du spielst einfach viel,not spam,
CIV 6 hab ich auch gespielt,not spam,
und Star Wars The Old Republic und Stellaris muss ich auch noch spielen,not spam,
do you have other hobbise too?,not spam,
also so viel zu ich spiel nur HOI4,not spam,
hobbies,not spam,
I like drawring,not spam,
Sowwy - tryin to avoid that from now on,not spam,
ty ~UwU~,not spam,
anything taht isn't drawing or playing games,not spam,
Keyboards,not spam,
and why the hell can't I spell that,not spam,
Tech in General (but I'm too poor to afford anything),not spam,
idk lol,not spam,
"ok, how much time pro day do you spend on the keyboard hobby ?",not spam,
"none yet, as I just got into it",not spam,
but I do watch Keyboard YTbers,not spam,
researching counts too,not spam,
which ones?,not spam,
if I guess its switch and click and hypio,not spam,
How much should you?,not spam,
"well, if you count researching and practicicing at least 1h a day",not spam,
then I have spent some time on it,not spam,
no Idea how much,not spam,
but I have spent time on it,not spam,
very good,not spam,
also,not spam,
another Hobby,not spam,
Sword Fighting,not spam,
yes,not spam,
I fight my Brother,not spam,
with swords,not spam,
very well,not spam,
wooden Swords,not spam,
and don't write short sentences,not spam,
but swords non the less,not spam,
very good,not spam,
and what keyboard youtubers do you whatch?,not spam,
Well what kb yt are there?,not spam,
"there are like 5 main ones, hypio, switch and click and other 3 of wich the Name I dont remeber, and then there are like 70 smaller ones that still are kinda known",not spam,
"I am subscribed to Switch and Click, and I also watch videos from various other Keyboard YouTubers",not spam,
very good,not spam,
yes,not spam,
ik,not spam,
oc,not spam,
<@&1039120540281077803>,not spam,
exists,not spam,
but,not spam,
why is it brown?,not spam,
I have no idea,not spam,
speaking of brown,not spam,
brown switches,not spam,
I like the brown switches in my Keyboard,not spam,
I was faster,not spam,
yesss,not spam,
are they nice?,not spam,
I was more specific,not spam,
XD,not spam,
"yes, very",not spam,
"I kinda forgot what browns are, they are tactile amiright=",not spam,
?,not spam,
and once we put some foam in there it'll sound quite nice too,not spam,
yes,not spam,
tapemod too,not spam,
That's what he said,not spam,
yes,not spam,
and well lube the stabs,not spam,
?,not spam,
how to hell does that even work?,not spam,
I dunno,not spam,
_boredoom_,not spam,
we could,not spam,
lol,not spam,
do you have any grease? I threw mine away becuse it was from the ~70 and was like glue,not spam,
"only the Stabilisers, or switches too?",not spam,
It belonged to my grandfather,not spam,
nop,not spam,
lol,not spam,
don't think so,not spam,
Nerds,not spam,
my dad might have some,not spam,
I don't have the tools to open normal switches,not spam,
nop,not spam,
ok,not spam,
"but we could use ptfe spray, but it won't work very well",not spam,
yeah,not spam,
then let's don't,not spam,
and krytox costs 21 € for 10grams,not spam,
OOF,not spam,
big oof,not spam,
also,not spam,
shouldn't we maybe talk some German too?,not spam,
"jeah, we could use glube, but it isn't that good",not spam,
Nah,not spam,
ok lol,not spam,
nah,not spam,
thought to train the bot,not spam,
the train should be trained for english,not spam,
so that it knows German too,not spam,
the train?,not spam,
K...,not spam,
Are you high?,not spam,
we could add german,not spam,
hallo,not spam,
Halü,not spam,
b like,not spam,
wie gehts,not spam,
"yes, deutsch",not spam,
ding is halt,not spam,
trains are good,not spam,
was,not spam,
Guten tag,not spam,
der Server soll eigentlich auf Deutsch sein,not spam,
egal,not spam,
Nah,not spam,
yes lol,not spam,
I like trains,not spam,
gotta go now,not spam,
bye,not spam,
what do you have now,not spam,
?,not spam,
Groüe Pause,not spam,
aber,not spam,
abert,not spam,
meine alte Klasse macht Mandeln,not spam,
3. 4. Stunde,not spam,
ok?,not spam,
und ich will da runter gehn,not spam,
zu ihnen,not spam,
und was hat du damit zu tuhn,not spam,
und des wär dann jez,not spam,
oh ok,not spam,
so,not spam,
bye,not spam,
ok bye,not spam,
"magic kannste auch a spam chat machen, wo blag auch hinkann?",not spam,
K,not spam,
uihgsdfgihudfga,spam,
dfiughjdsfiuhjdsaf,spam,
efw zugerwtzuogtewtr iuhg,spam,
fsdjhgdsfijh,spam,
sdfijlhdsfilughewtf,spam,
sfdzuogaewrdztfwardzfui,spam,
ihjlsdfdsiogjhkdsfgijho,spam,
sezutfzu7wetfrizu7,spam,
xcjkhihuj,spam,
sduizfiuzswd,spam,
z8ute7zttrsd7ztf,spam,
sdiougdfuiopgz+dsiutsduift,spam,
sduifuisdztg789rwet,spam,
zwrt67rwe765re,spam,
iogdfiokgoidfhg,spam,
789775438957 8349sdedsfgerhzerhz,spam,
ioszdu9fzt478t,spam,
seufiozfuierguior4,spam,
ojirhtguiojzu9p,spam,
Why don't you train it with rng words?,not spam,
E2c2rb3t,spam,
9zd8t8zucvi,spam,
Oz9796dzohod8ts5e59zpjvvcp,spam,
"was thinking about that, but when you keysmash the keys aren't random, and I wanted better data",not spam,
czghzfugiouizhzr6td trs,spam,
zutiudzitzdr,spam,
ziulout toudz,spam,
tufzgiutdf ouzf,spam,
ozutfiutzf7iztd,spam,
zgdcurtds r6e,spam,
erwswewrdgffhjuhpooiotrts,spam,
io0ioz78rr6egzffghjhoi,spam,
iz8ut67r56gzgjihjpo,spam,
+zuit8z7zru8zrr68z7ghvkvhjhjgklpou9upoiusrtester#,spam,
fgzkoizurtdl,spam,
87to7tieighjlüolü,spam,
p8ute5i7tfgukjkl,spam,
K...,not spam,
aoüildufghbrüfdg,spam,
eiruioerhgojdhas,spam,
ihbfdsgibhjlergfds,spam,
fgdohjikrwegzuio,spam,
feodhjküsaijdfhg,spam,
dfgoikhretghpu9,spam,
wer zsdfoz8gutsdf0iu,spam,
ioethupiewr uigewr,spam,
dsifjhrfiugfret97u,spam,
sejhigsfuizgfui,spam,
ioeruti9uert,spam,
jfhhuwtz3tt7rs,spam,
se,spam,
ioeruguizeuwez8ot,spam,
difogjioutioz89t,spam,
auszuf,spam,
gfidogdfg,spam,
dfgh,spam,
gdrfh,spam,
drgf,spam,
weasr,spam,
sdf,spam,
sdf,spam,
fgh,spam,
fghj,spam,
kghu,spam,
kiuz,spam,
kuz,spam,
sdhgdfghtzrdtfgdb,spam,
zththr,spam,
dsfgdfsg,spam,
rdssdfg,spam,
ukzkzuzku,spam,
gfgfhdgfdh,spam,
rsgsdfgsdfg,spam,
juztzjtujzt,spam,
sdfgdgfsfdgs,spam,
juzkukzuzk,spam,
ergesrggre,spam,
liuliuliu,spam,
fbdfgfd,spam,
erwerwerw,spam,
ghhgjhgjjhg,spam,
iulliu,spam,
iulzjg,spam,
hfg,spam,
dfg,spam,
dfsg,spam,
dfh,spam,
jgf,spam,
jzt,spam,
zrtu,spam,
"""wer"" ist kein spam",not spam,
es ist keysmash,not spam,
es kann passieren dass ein echtes wort rauskommt,not spam,
Ye but don't you train the bot wrong then?,not spam,
"well, if you write",not spam,
wer,not spam,
weiü,not spam,
then it could be spam,not spam,
one word per send is not very anti-spam,not spam,
"What if you are just refering to a text where it says ""he""",not spam,
"ok, ill remove it from the db",not spam,
removed it from the db,not spam,
K,not spam,
Usbrhuauquauubububuauauzaehgtbtntkwoa,spam,
Oqqokskdheieibrvrbrlfofoskp,spam,
ghufduigodfsiugodsf,spam,
jihdsfjih,spam,
hiogdasUXCVIHOüYFSAPRE,spam,
üAHGHFSDJPOü,spam,
dsdfaüfg,spam,
sa,spam,
d,spam,
f+xnj,spam,
adlf,spam,
x#gkfsjoak,spam,
ü,spam,
ajkdsfhoi,spam,
aeguiera89ühiosdncx,spam,
ioeaukfndskjhfa,spam,
adhfp9ahfds,spam,
aflekwh,spam,
fadsfjhaü9whfasdi,spam,
fhefsküjhasi,spam,
üdsfj,spam,
so,not spam,
what are y'all doing?,not spam,
I am researching the cost of grease,not spam,
Chemistry,not spam,
and I only get the movie grease,not spam,
Nice...,not spam,
uff,not spam,
kitty if you want we could spilt the cost of some grease so that we can both grease our kb,not spam,
depends on how much it is,not spam,
"if we take superlube with polytetrafluoroethylene (PTFE) it would be round 6ü each for a 12 gram tube in total, but if you want we can do like a 70% me and 30% you and I get to keep the rest, as I need some grease",not spam,
lets do the 70% 30%,not spam,
Wow 2ü a gram is cheap,not spam,
it's 1ü per 2 grams,not spam,
its 1ü per gram,not spam,
Oh wait even better,not spam,
the whole tube is 12ü,not spam,
oh yeah lol,not spam,
Oh XD,not spam,
ill still research some more to see if I find something better,not spam,
Alr,not spam,
jdsfhijndfs,spam,
dfghnjoifdgojh,spam,
fgdhjibfdgijh,spam,
rghuijifguhdj,spam,
fdghijufdgoihuj,spam,
zugadzadfgs,spam,
rteuizdhfg,spam,
jkfhgdfgdihju,spam,
dzgafssdafzuo,spam,
fdgijhdsfiugpa,spam,
fduisgdsfigu,spam,
hiujfdsdfsuhi,spam,
fdhoujifdguho,spam,
dsfhijudsfhjo,spam,
fgdihufgdzih,spam,
sdfgsdfg,spam,
ghjghj,spam,
dsfgfgh,spam,
gzjkdfghjfg,spam,
hdfgh,spam,
jtuk,spam,
r,spam,
trsth,spam,
ztkutktdgfthtzghj,spam,
dfghdfghtzujjhjgfgrsd,spam,
ghfjghjukzrtdfgfdghjn,spam,
trztjhgffgd,spam,
ghjtrzdfgdfbfghkjhliu,spam,
uuzkujmz,spam,
nhbg,spam,
bgfvf,spam,
fvdfvd,spam,
fgnghm,spam,
"jk,k,.",spam,
kfgh,spam,
dfg,spam,
dfg,spam,
vbc,spam,
bn,spam,
jhm,spam,
lkhjilktiuzfhg,spam,
dfgdfgdfgghnjkhuz,spam,
fgbhgnghjztjtrz,spam,
dfgerter,spam,
gfdgfdgfdg,spam,
ghjhgjghjhgj,spam,
iuiluiluuiliul,spam,
uzujztzjtuzjut,spam,
trhtrhtrhtrh,spam,
fdfdgfgdjhm,spam,
ghj,spam,
"kj,",spam,
il,spam,
iku,spam,
jz,spam,
hgt,spam,
grt,spam,
egr,spam,
fds,spam,
dfg,spam,
"KV: und was machts zu Silvester?
Klasse ( _mehrstimmig_ ) : saufn",not spam,
wir sind halt in Ã¯Â¿Â½sterreich,not spam,
True,not spam,
Was is euer allman : rest ratio?,not spam,
wos meinst du damit,not spam,
meinst du wie viel prozent wir von wo sind,not spam,
zb. bei mir 50:50 Ã¯Â¿Â½sterreichisch Englisch,not spam,
English? Woher sind de dann,not spam,
Ja,not spam,
woher genau weis i ned,not spam,
eher nÃ¯Â¿Â½rdlich,not spam,
aber ned zu nÃ¯Â¿Â½rdlich,not spam,
Meint GroÃ¯Â¿Â½britannien oder so,not spam,
yes,not spam,
England halt,not spam,
Ok,not spam,
Wir ham 1ne serbin... Rest sind alles Ã¯Â¿Â½sterreicher,not spam,
lul,not spam,
ah,not spam,
meinst in der Klasse??,not spam,
ich dachte nur wir so,not spam,
Ahhh,not spam,
XD,not spam,
In der Klasse,not spam,
lul,not spam,
absolut keine ahnung,not spam,
glaubst ich kenn die Pissa?,not spam,
i bin ja in ner komplett neuen Klasse,not spam,
Sinds ned nett?,not spam,
kinda,not spam,
"Ik, me too",not spam,
idk,not spam,
i kenn die ned,not spam,
ich bin mit 3 von denen Befreundet,not spam,
ich hab die Tochter von meiner alten Physik Lehrerin in der Klasse,not spam,
Vo der geyer?,not spam,
nop,not spam,
Kohles,not spam,
Ok,not spam,
" ""ab jetzt keine personelle infos oder spam in diesen channel""
Me: ""I'll pretend I didn't hear that""",not spam,
yes,not spam,
Nice,not spam,
hey,not spam,
bin jtz a endlich mal halbwegs frei,not spam,
nice,not spam,
halt ham ne freistund,not spam,
wbu,not spam,
ich habe immer frei,not spam,
aber nur weil du krank bist,not spam,
je,not spam,
aber ich bin halt jetzt krank,not spam,
ja,not spam,
eh,not spam,
we need more spam,not spam,
jsdfhjsdhf,spam,
igoruierg,spam,
jkdskojf,spam,
dfgfdg,spam,
sd,spam,
dsf,spam,
fg,spam,
tgh,spam,
zjt,spam,
jzthgf,spam,
dfg,spam,
sdf,spam,
sdf,spam,
sdf,spam,
dfg,spam,
fgh,spam,
fgjh,spam,
ztjtj,spam,
gfh,spam,
dfg,spam,
fghn,spam,
jfz,spam,
dhgf,spam,
kuiiimg,spam,
trhhgfds,spam,
rewdsffg,spam,
tzhrghfdfs,spam,
qewrasdfsxcgrhtzt,spam,
sdfgregwzjh,spam,
sdfrgtrzhwerthsdfhg,spam,
ewrzghsdfghsdfhg,spam,
trzjrtzjrtzjs,spam,
dfhsdfghsfgdh,spam,
dgfjeztruijtzu,spam,
sertzretuzretzufdsgh,spam,
dfbjhdfgjcvbnxvnb,spam,
sdfhwegfegrtn,spam,
tzjmtzjmkejsghfsdfh,spam,
fghhhhhhhhh,spam,
dfsggggggggg,spam,
gdhfnnnnnnnnnn,spam,
ertggggggggggg,spam,
fvbbbbbbbbbbbbbbbbdfghhhhhhh,spam,
jdzhjhgdddddddddddddddd,spam,
euzttttttttttttttterwttttttttttttttttt,spam,
sfdggggggggggggg,spam,
sdfgggggggggggggggg,spam,
xbvnnnnnnnnnnnnnnn,spam,
mjhhhhhhhhhhhhhhh,spam,
oluiiiiiiiiiiiiiiiiiiii,spam,
wedadadadadadadadadadadadadadada,spam,
fdsaaaaaaaaaaaaaaaa,spam,
dffffffffffffffffffdffffffffffffffffffffffffffffffdffddfdfdfdfdsf,spam,
hjhjtzh,spam,
fdgsfgsdgfds,spam,
"zujkrkuz,i",spam,
bvcvbnnbv,spam,
bffffffffffffffffff,spam,
ghfjjjjjjjj,spam,
gfdsssssss,spam,
zukfjfjfjfjfj,spam,
dfgssssssssss,spam,
erwtqqqqqqqqq,spam,
ertzuuuuuuuuuuu,spam,
zujkkkkkkkkk,spam,
ghnmffffffffffffff,spam,
vbncccccccccc,spam,
cvxxxxxx,spam,
fdsssssssssss,spam,
sdfgggggggggggg,spam,
wztrrrrrrrrr,spam,
dghhhhhhhh,spam,
"bnm,,,,,,,,,,,,,,",spam,
tzujjjjjjjjdfghdfgheaoifieorg,spam,
fhgdfasghuzgrfew,spam,
usdfuig4qwasdsfrte,spam,
figjdhuiztftg,spam,
fdgjih,spam,
dfg,spam,
fdg,spam,
er,spam,
dfh,spam,
gfjh,spam,
rtfhg,spam,
sdf,spam,
sdfsdf,spam,
fghfhg,spam,
hjkgmtujzk,spam,
ertert,spam,
sdfgdfg,spam,
fghfgh,spam,
zukzu,spam,
trrgftsdf,spam,
ok,not spam,
fdgrteethr,spam,
dfgdrgrth,spam,
lg,spam,
Ã¤flg,spam,
Ã¤fdlg,spam,
Ã¤fdÃ¶,spam,
glfd,spam,
gfdÃ¼glfd,spam,
lg,spam,
fdlglksg,spam,
Ã¼lkfsg,spam,
Ã¼lfs,spam,
Ã¼glfs,spam,
glrkgÃ¼pÃ¶gjltejg,spam,
sÃ¼eg,spam,
pregpejgojgposjg,spam,
jrÃ¼pjgpodjgpodsgodfjg,spam,
psgsdgdigfdsgÃ¼dsgpofds,spam,
kgeakg,spam,
rgdsgf,spam,
#NOME?,spam,
ldaf,spam,
gf,spam,
lf,spam,
the cavalry has arrived!,not spam,
lg,spam,
a,spam,
lgflfa,spam,
Ã¤lfdag,spam,
Ã¤lfa,spam,
gldgarÃ¼tg,spam,
Ã¼kdfÃ¼lgkfd,spam,
Ã¼#Ã¶g,spam,
Ã¼krea,spam,
Ã¼g,spam,
Ã¼kreskgfkgfdkxgkprdf#g,spam,
aÃ¶dfjgsiu,spam,
iadÃ¼df#adhsaDFYV,spam,
YFABLÃKHFÃœO,spam,
JY,spam,
j,spam,
a,spam,
jadfÃ¼g,spam,
df,spam,
noga,spam,
ergh+oaerh,spam,
gaih,spam,
ghad,spam,
g,spam,
agajdga,spam,
sf#kngjariÃ¼p,spam,
flxÃ¶kn#,spam,
xfl+agslf,spam,
d#gbxjkpkÃ¼+als,spam,
kÃ¼#bxc,spam,
xb+d,spam,
Ã¼xÃ¼xakgfblx,spam,
k#aÃ¼f,spam,
sk#bx,spam,
#nbo,spam,
uepjr#f,spam,
gue#jf,spam,
gÃŸre0ujdÃ¶lf,spam,
urejgdfjfdltraojpojfÃŸajpofÃŸut4Ã¶gra,spam,
upojtdgtujgryrtjgfautw,spam,
ra#j,spam,
0utwarjdsrwa#j0ÃŸa,spam,
ojÃŸ9ap,spam,
upojrwak,spam,
ÃŸ9uwf,spam,
9a,spam,
fsdopki9qwe,spam,
uof,spam,
ÃŸFOA<CJP'A,spam,
p#Ã¶a,spam,
U)QUE,spam,
0ÃŸug##vp,spam,
Wfjopd<fqu,spam,
uajrw#,spam,
awfjosdr9,spam,
ajfs,spam,
aÃŸojsdvpagrwtu90,spam,
a#jgrai#jraig,spam,
easdjvpa0ruq9,spam,
rakiÃŸ,spam,
agsdvjiparu0q,spam,
aipsdja0rutqraifsdp0uifsjd0tuarisjdpvw0,spam,
ragipfyvxg0a,spam,
fpvjt0,spam,
aijpfy,spam,
ajpfy0w0fa,spam,
pjt90,spam,
eafjpdka9ra,spam,
fjpdykv,spam,
p,spam,
iwhepvdslewpofds+ÃŸ9zphewÃ¤o09+zewaÃŸah,spam,
u t4quÃŸrua,spam,
oua,spam,
ourw,spam,
oua,spam,
u,spam,
9uw,spam,
akdsfjp+riÃŸa,spam,
}vwa,spam,
sdfyoÃ¼kfiÃŸa,spam,
osdjpy9aor+jpfsydvarojp,spam,
fsyv9aj,spam,
opwdfsvjo,spam,
fpqjowafsd<vycjp,spam,
saogycvsog0wersfjyvp,spam,
o0ro,spam,
japg9rq,spam,
ojapvyo9,spam,
ojpdvso,spam,
nice ig,not spam,
very unfair,not spam,
don't you have to do chores or smth,not spam,
no,not spam,
why not,not spam,
"well, I don't have anything to do",not spam,
and thank you kitty for spamming,not spam,
go make me a sandwich then plz #,not spam,
even though blag is doing most of the work,not spam,
ok ~UwU~,not spam,
"we really need to use more uwus, or the ai could identify uwu as spam uwu",not spam,
uwu,not spam,
frik - you're right uwu,not spam,
rawr alos,not spam,
also cant be spam,not spam,
....,not spam,
what?,not spam,
emoji,not spam,
ah...,not spam,
why do u use em so much,not spam,
just realized it at the same moment -.-,not spam,
cz I like em ;-;,not spam,
emoticons are better,not spam,
and they are supported by windows-1252,not spam,
"ye they're great, but some emojis are just better for expressing certain moods",not spam,
ok ure right,not spam,
do windows emojis then work?,not spam,
perhaps,not spam,
try,not spam,
"no, crahsed",not spam,
sad,not spam,
"yes, very sad",not spam,
"and if someone is reading the database and knows a encoding taht supports emojis, hit me up",not spam,
alright I might,not spam,
dfgrthtz6,spam,
hijsdfaihjfdsihjdfsihjfds,spam,
hdfojsoihjafdshjiosdghjigfd,spam,
uezruzerutzeurijdcfbbdf,spam,
skolsdfijohsd,spam,
sdfokjsdgiohwse,spam,
fgikosjdfiohsd,spam,
giokhzrtuio9ztre,spam,
sdÃ¼fodfhjgoiuherw,spam,
dgoikjwshedfipuwer,spam,
osduijzghfe,spam,
dfgikoujgopi,spam,
fpoljdfioujgh,spam,
hgwet7uwertz8u9tzrioti,spam,
klhvjkbbjftzu rt67zew,spam,
gkjetroipuiwozzsudgb,spam,
usjfuijezwzutfzsudhfjklkhopuieds,spam,
erkiohutsdzfgokjjiouuiwer,spam,
gdfjkhfregzuiorewt78 wer,spam,
dgfiofsdgiuzwer8tzqwei9pdfsjh,spam,
fokewfhuijewrugtiz,spam,
dfsjoidsfiuzhewrqt6z8,spam,
dfsojkhweadiuhjwqer78to,spam,
jihfsdewzuirfret87,spam,
jhilfdsizweurzuower,spam,
goiufdhjsdfhiujo,spam,
dsfhoiesfhuiowertuzzweutrzweuxckjnvnkxcnmcv,spam,
pkxjiwopri90ew787er78tzbvnmkxnlki08884723846 765,spam,
"klvjxlkcmvlÃ¶kdjllÃ¼pppÃ¼pÃ¼pÃ¶Ã¤Ã¶-Ã¶l,.,,jklhjuigh",spam,
khdjshfhstgf,spam,
sdofjuuiez,spam,
opgjreiopuzg,spam,
sdgpljtzjnt zjt,spam,
jtzh,spam,
hrtg,spam,
ethf,spam,
gadfs,spam,
fhjgd,spam,
gukjlf,spam,
fhjl,spam,
ztkj,spam,
jgfh,spam,
ktktzukjhtthnrfg,spam,
ztrruzki,spam,
fsdggfshgjdhzkjrukuz,spam,
zhttzjrhutukhrtfdgdfg,spam,
rtzjeuztkulti.kj,spam,
fghfghndwer ertzftziukjhk,spam,
turztjjghmfghfzd,spam,
kuktzurutezrtergfdggvfjc,spam,
liliukuzjuthmhrggfbfgdsdfg,spam,
"zjtuktirzzuilh,jfghgjhrtu",spam,
"dfg ghjuzrterztzeiurtuzk,hjf",spam,
"sdthdkghrwztztkdfghxj,zrt",spam,
Q: is 1252 it's birth year?,not spam,
It doesn't even support öäü - it's just too lazy to crash,not spam,
it doesn't?,not spam,
No...,not spam,
what should I use then,not spam,
it showed the characters,not spam,
Smth normal ig,not spam,
Not to me,not spam,
what is something normal,not spam,
I see the question mark thingy,not spam,
utf-8 straight up doesn't work,not spam,
Idk,not spam,
"jeah, are us using vscode?",not spam,
No,not spam,
Not that much,not spam,
I mean to look at the messages,not spam,
Nop,not spam,
what are you using,not spam,
Browser,not spam,
I looked at your git project,not spam,
I will look at another encoder,not spam,
In your csv files,not spam,
I will try utf 16,not spam,
Ok,not spam,
I am so dumb,not spam,
"the ai was so bad, because it couldn't fucking read the data that I was giving him",not spam,
"because I was changing the encoding of the script, but the file was encoded in another way",not spam,
that means that the ai was training on rng,not spam,
it was training on random binary data that was falsly encoded,not spam,
XD no freaking way...,not spam,
"I changed the encoding of the bot back, as it put out non-huma readable garbage",not spam,
"the äüö will still be interpreted as like 2 characters, but if the data is considtent, it schouldn'T matter",not spam,
Alr,not spam,
"now that I see, when I ctrlx ctrlv the bot data in my database it copies the charakter not found charakter",not spam,
not the data,not spam,
that means that the data is wrong,not spam,
ill have to filter through a lot of data,not spam,
from now on no more umlaute in this chat,not spam,
or any oether german charakters,not spam,
used find and replace to replace the charakters with valid oned,not spam,
ones,not spam,
"now it works with normal utf-8 encoding, and I have no Idea why",not spam,
"updated the github, the data is now nice again",not spam,
öü,spam,
öäü now officially works again,not spam,
Älsö däs känn der Böt jez wieder lesen,not spam,
"jes, es kann es",not spam,
Nice,not spam,
hast das e mit Punkten vergessen 😉,not spam,
emojis now work magic,not spam,
it didn't crash,not spam,
Nicee,not spam,
So that was the msg you gonna sent today or what...,not spam,
Jeah probably,not spam,
See you are very inactive...,not spam,
Btw could u all Spam ?,not spam,
In dm,not spam,
Think he joinked my mouse -_-,not spam,
#NOME?,not spam,
You've said you'll do that yesterday,not spam,
Here u go,not spam,
Now its bettet,not spam,
?,not spam,
It's the same,not spam,
Nothing changed,not spam,
jes sth has changed,not spam,
look at,not spam,
Ah,not spam,
jeah,not spam,
"fun fact:
BlaG has lost me:
One Dongle
One Mouse (no the same as the Dongle)
And now both -_-",not spam,
so technicly **3 MICE**,not spam,
"how?
lit every lesson he'd unplug my dongle and hide my mouse
i am telling him to stop since months, he never does -__-",not spam,
And you still give him good roles???,not spam,
the server is the server,not spam,
"but if he keeps being the annoying 9yo he currently is, he might loose his personal",not spam,
uk what that means,not spam,
....,not spam,
No?,not spam,
Looses irl friendship status?,not spam,
jes,not spam,
have i told u the story of him throwing a **FORK at me** ?,not spam,
No...,not spam,
so...,not spam,
here is some Data lol,not spam,
"at the MBW (Meeresbiologische Woche), he got rlly annoying, throwing around all kind of stuff, cracking the door open to my room etc...",not spam,
i told him to stop,not spam,
a few h later he kept doing it,not spam,
so i found my deo,not spam,
"So.... Wait you wanna tell me that guy can kill ur mouse 3 times and physically hurt you, do shittiest shit on this server but still gets a upgrade to his personal?
And if I add just some little detail u dont like you instantly treathen me with loosing my roles usw...",not spam,
i threatened i'd deo nuke his room if he wont stop,not spam,
then he tried to take away my spray can of deo,not spam,
pressing the trigger ON HIS OWN,not spam,
and so got deo into his fact,not spam,
He did in fact joink your mouse,not spam,
But it was accidentally,not spam,
lol,not spam,
He'll (probably) give it back tomorrow,not spam,
after joinking my mouse for the past couple months every hour...,not spam,
"Well, he took it on purpose",not spam,
He just forgot to give it back lol,not spam,
....,not spam,
"then he blamed me
i told him he pressed it, and i'd not nuke his room anyways i just wanted him to stop",not spam,
so he opened the kitchen thingy...,not spam,
and started yeeting ALL the spoons and forks in there,not spam,
............,not spam,
"thus hitting me with 2 of em
(one luckily only hit my finger)",not spam,
then i did deo nuke his room...,not spam,
he kind deserved it ngl,not spam,
🤣🤣,not spam,
Remember ski week?,not spam,
jes,not spam,
Well...,not spam,
won't ever forget,not spam,
That was some crazy shit too,not spam,
Raphi breaking a Ski Stick XD,not spam,
You & sladan wrastleing...,not spam,
at least he stopped as i told him to stop,not spam,
"thats a difference between BlaG...
and lit all of us",not spam,
Kinda true...,not spam,
ye,not spam,
so instead of learning math i decided to chat a bit 😄,not spam,
hi,not spam,
...,not spam,
Why math,not spam,
i might start actively coding so he can even respond on this server,not spam,
test morgen,not spam,
"XD imagine man hat morgen, am tag vor Weihnachten, no nen test",not spam,
"El * lip * se
Häufig verwendetes Stilmittel in Kommentaren - Auslassen von Satzteilen
Wird auch häufig in der Jugendsprache verwendet",not spam,
ikr -_-,not spam,
?? Isn't that German,not spam,
jes it is,not spam,
Did you leaen for the wrong subject?,not spam,
can also be used in english tho,not spam,
"seems like u didn't learn for english, idk what ""leaen"" means",not spam,
Read again,not spam,
U forgot to wear ur glasses,not spam,
"i read a ""(bearbeitet)""",not spam,
Well it's there too,not spam,
Guess its just on every few msgs rng,not spam,
And cringe if you use dc in german,not spam,
🤔,not spam,
German is just a rly cringe language in generap,not spam,
english is cooler,not spam,
true,not spam,
And the fact that you've learned and memorized it makes you even more weird 😉,not spam,
Why do you use german then?,not spam,
cz its the language i grew up with,not spam,
and i will have german Content so german audience so german dc members,not spam,
What about bosnisch??,not spam,
"i might do story content also in english tho, was thinking about doing that 4 Darkblood",not spam,
my parents still speak it,not spam,
but schoolwise i grew up with german,not spam,
my friends were german,not spam,
i perfere it over bosnish too tbh cz i am better in german,not spam,
Ok...,not spam,
Well,not spam,
wall,not spam,
hi,not spam,
hi,not spam,
well,not spam,
how r u?,not spam,
I'm... fine,not spam,
nice,not spam,
i'm not -.-,not spam,
btw still ain't nobody carin about gay,not spam,
yes,not spam,
we do,not spam,
no one even mentioned melon day except you....,not spam,
and me rn but that doesn't counz,not spam,
text with a person like they are a person,not spam,
i had a gay classmate,not spam,
did i care?,not spam,
not rlly,not spam,
i talked with him like he's a person,not spam,
not like he's a gay person,not spam,
that's also not the point of it...,not spam,
NOBODY CARES + a dc doesnt need that,not spam,
lots of care,not spam,
what then?,not spam,
and yes a dc needs,not spam,
nope,not spam,
"besides why would ppl give out their gender like that?
just keep it at .",not spam,
tried to not make it a tag -_-,not spam,
"u join as a user, not as a gay person",not spam,
there are ppl who don't like it when you refer to them as a male/female.,not spam,
just refer to them by their name,not spam,
or username,not spam,
"ye, you are just a user. you do not have any important properties we care about or what do you want to say?",not spam,
.... do you actually want to do that...,not spam,
i say we dont need to share all this,not spam,
why not,not spam,
i dont want u to name me by my real name when i wanna be private........,not spam,
first of all - that,not spam,
"2nd I'll refer to you as ""you"" or ""he"" all the time ig",not spam,
"ur a normal human beeing
ur a user like all the others
if u wanna tell us all ur gay do that",not spam,
but we dont need all theser gender roles,not spam,
works too i suppose,not spam,
gtg,not spam,
...,not spam,
do you know Ginjaninjaowo? He's an amazing artist.,not spam,
fun fact about him,not spam,
biologically he's a woman,not spam,
and,not spam,
he's non Binary,not spam,
"""he's a woman"" okay",not spam,
with the pronouns they/them and he/him,not spam,
yeah,not spam,
that's how that shit works lol,not spam,
nice,not spam,
"(they do actually prefer they/them over he/him, but since they prefer he/him over she/her, I thought I'd use that as an example)",not spam,
so ,not spam,
bro I'm not high enough to understand that,not spam,
"if I said she is an amazing artist, I would have misgendered them",not spam,
XD,not spam,
they are more,not spam,
let me go back to chemistry again,not spam,
XD,not spam,
and tbh  - just cz you dont see em as necessary doesn't mean everybody does...,not spam,
and that's smth you can sometimes just not understand...,not spam,
yeah,not spam,
exactly,not spam,
I believe they explain it here,not spam,
Not sure tho," and I can't check rn""",not spam
Just if you're curious,not spam,
"""what's going on??""",not spam,
"""my gender's going on"" or what",not spam,
but before that - our sponsor today is skillshare,not spam,
",uiklhdfsklhdsfgkhlkhldfsklhdfkhldfkhldfhkldsfirsiptohirgp+gr+i+g",spam,
G,spam,
jpgjdflkighjkjaldhgipoursr+g,spam,
giodfhgjkdfhgkoldg,spam,
´rgiodhfkghjkldfhgjkdfg+,spam,
ifghdkjfgbfdlkgvj,spam,
+iuourghiuordhgiopjdrklgijd+,spam,
üsdgfopiöhgdhjfopöglj+üf#,spam,
psdiolghs+#,spam,
gülskmopgikhsdffjg,spam,
+sdplgkiosdjbvlnökäsd#fgölkösdäljoökihgpöjdo,spam,
f++g#oüliksjdpiofüäo##sdfüoshfo,spam,
deez nutz,spam,
"well, how would you know how to refer to me if I didn't put my pronouns in my bio?",not spam,
